original_index,text
107,"Yellen's economic plans are failing American families with rising inflation, ballooning federal debt and  higher taxes. Now she wants to ease sanctions on Iran? The nation that funds Hamas terrorists, wants to destroy Israel and  hates America? @SecYellen has lost touch with reality. https://t.co/sbTuUEFAhn"
178,This administration has lied about closing the border and all but handed over the keys to our nation to drug smugglers and human traffickers.
199,Locals take control of local Communist Party office This kind of courage and  bravery needs to be shared with the whole world #SOSCuba #PatriaYVida https://t.co/IvKz3gxt9N
274,The complete catastrophe at the border by the numbers: illegal aliens apprehended last month. Over million illegal aliens apprehended since Biden took office. Over pounds of fentanyl seized at the southern border since Biden took office. #BidenBorderCrisis
308,"Pleased that @RepDavidKustoff, @SteveScalise, @RepStefanik, and  @RepLeeZeldin have introduced companion legislation to my bill to protect the Trump Admins full and  faithful implementation of the Jerusalem Embassy Act of and  block the Biden Admins efforts to subvert the law. https://t.co/1GWEYVkiSM"
397,"The brutal acts of the junta, since its February st coup, is contrasted to the bravery of the civil disobedience movement in Burma. Hundreds of peaceful protesters have paid the ultimate price in defense of democracy and thousands more have been thrown behind bars."
609,"If Biden is the man with a plan, wheres the one for our border? I have one. Reinstate Remain in Mexico Put more boots on the ground Build the wall"
829,"Democrats big-government socialism bill is designed to increase government dependency here in America, to take away our liberties, and put people in the hands of the government from cradle to grave."
830,"This is @jdanielferrers son, who was marching peacefully for freedom and  human rights in the name of his father jailed and  tortured by @RaulCastro_Ruz and  @DiazCanelB. Now hes detained. The Cuban people WONT be silenced by the illegitimate communist Cuban regime. #15N #PatriaYVida https://t.co/gSju1kRH8w"
939,"Joe Biden and the Democrats want to pass a socialist agenda to run your life from cradle to grave, daylight to dark."
972,Castro's communist regime declared war on the Cuban people + years ago with its policies that only benefit its dictatorship and  corrupt allies. The US stands with brave Cubans still repressed today. The @UN shouldn't give Cuba's regime a platform to spew its communist propaganda. https://t.co/s7bwRMXVMB
1139,"The only good Soros prosecutor is a defeated Soros prosecutor. Every single one of them should be recalled, removed, and replaced."
1176,The IRS has no business micromanaging the private transactions of American citizens. Democrats should withdraw this outrageous and absurd proposal immediately. https://t.co/ksvCBEuSjq
1229,#CPACNOW is getting started. Tune in! https://t.co/x6CPhwu7Fd
1424,Enabling Americans to carry firearms on land managed by the Corps will allow law-abiding citizens to protect themselves and provide needed consistency across federal lands to reduce the complexity of tracking where one federal agencys land management ends and anothers begins. https://t.co/UqlCcfK7c7
1585,God bless the men and women of our Border Patrol who are being asked to do the impossible. All the while they are being scapegoated and demagogued by the most incompetent Administration in modern American history. https://t.co/CjvW31fC5o
1617,"No American believes that $1.75 trillion is ""fiscally responsible,"" but it's the radical big-government socialism policies within the so-called framework that will harm our country and concerns them the most. https://t.co/XVllzi6LlZ"
1695,Bidens illegal vaccine mandate rule is already wreaking havoc on our economy and stepping on millions of Americans rights and liberties. Now hes doubling down on the chaos by formally issuing the rule. I will do everything in my power as a Senator to stop this illegal mandate. https://t.co/y0zg8ORVFs
1702,Historic win for the right to life in the United States. I applaud the Supreme Court for its ruling and the State of Texas for enacting a law to protect unborn children. https://t.co/HKSma3UpwX
1755,"Joe, build the wall. https://t.co/KqeBL18zof"
1766,"Payments up to $15,600 PER illegal immigrant. This is how Democrats are spending your #BidenBailout tax dollars. https://t.co/HqZsbMzT9o"
1802,"The Administration isn't taking the enforcement of immigration laws seriously. Calls to eliminate or defund @ICEgov are purely political and if answered, would jeopardize our national security. https://t.co/IzlhaLZ1NF"
1886,"The Biden Administration policies of an open border and mass amnesty have created: A humanitarian crisis A health care crisis A national security crisis Without secure borders, we cannot ensure our nations safety, period. Here's my @CJOnline op-ed: https://t.co/3aII7Um9rS"
1979,"Even for just a short-term increaseas long as Democrats continue to push their big government socialist agenda with a reckless tax and spend package that will destroy our economy, I cannot vote to authorize raising the debt limit."
2046,Cradle-to-grave policies that will radically transform this country toward big-government socialism. The American people don't support it! https://t.co/vMxapUHMQq
2245,"MARXISM always -Divides people into a victim class and  an oppressor class -Forced every institution in society to serve the revolution -Demanded control over what people were allowed to say and  do -And persecuted,silenced and  punished anyone who resisted Sound familiar?"
2291,"As we recommit ourselves, we must look to the words of Marsha P. Johnson who said, ""You never completely have your rights, one person, until you all have your rights."" This Pride, we say loudly and clearly that LGBTQIA+ Rights are Human Rights, and Black Trans Lives Matter."
2368,"Ayer, mientras los matones de @NicolasMaduro atentaban contra el Pres. @Jguaido, la administracin aprob una ayuda para Maduro. Esta obvia debilidad hacia la dictadura es inaceptable y es exactamente lo que quiere el rgimen comunista cubano. Esta decisin se debe revertir ahora"
2393,Outrageous that while millions of American workers are hurting and  while were in the midst of the #BidenBorderCrisis states are handing out free $$$ to illegal immigrants. We shouldnt be rewarding @JoeBidens open border policieswe should be fixing them. https://t.co/lNfDtID9Rj
2548,"Today @MarshaBlackburn and I sent a letter to President Biden urging him to tell the massive migrant caravan approaching our southern border, You must turn around. https://t.co/MqLrJBTUAa"
2618,.@SenMikeLee and I will be submitting a detailed comment to Bidens proposed open border regulation. It is shocking that any president would violate his oath of office and threaten U.S. sovereignty in this manner. Bidens reckless action must be stopped.
2644,Democrats so-called election reform bill is anything but. Its a partisan power grab to tip the scales in favor of Democrats. TODAY AT :15 I'm joining with @SenateGOP colleagues to talk about the extreme policies that will create chaos and  do nothing to secure our elections
2690,"On this #TransDayOfVisibility I have a simple message - I see you, I am with you, and I will keep fighting to make sure you #WontBeErased. https://t.co/uVlgurVKt0"
2749,Israel should be assured the US won't reverse course and take part in the campaign to delegitimize its authority and punish its economy. Proud to join @SenTomCotton's legislation prohibiting the Biden administration from rolling back the existing policy. https://t.co/x0ynhKo2z1
2935,"Instead of tackling either the drug or border crisis, Democrats would rather spend time and taxpayer dollars turning the US into a socialist country, supporting the Green New Deal, raising taxes, and bowing down to China."
2947,Open-border policies endanger American families. Build the wall.
3077,"What made us great is we are the ""Leave Me Alone"" nation. Leave me alone to prosper, leave me alone to excel, leave me alone to aspire to create dreams. Were not the party of equal outcomes, but we are the party of equality before the law. https://t.co/P5VyThawZb"
3085,"Today, Democrats blocked my and  @SenTubervilles proposal to stop Joe Biden from opening Americans bank accounts to the IRS. This insane overreach defines socialism and  tramples Floridians' right to privacy. I won't stand for this Communist China-style totalitarian surveillance. https://t.co/Y1i0gbF8Vy"
3274,"Rather than solve the border crisis, Biden wants to make it worse by paying illegal aliens $450k each, which will encourage more illegal immigration. Using hardworking Americans tax dollars to make illegal aliens wealthy is ludicrous and  insulting.https://t.co/WzhHiBfFG0"
3326,"Until our border is secure, our entire nations security is at risk. #BuildTheWall https://t.co/0nXpLcRJTI"
3420,"No one should face barriers to getting an abortion or other reproductive care they want. The outrageous anti-abortion law in Texas not only creates those barriers, but gives complete strangers the ability to enforce them. Its extreme, dangerous, and unconstitutional."
3422,Its not so hard to imagine just look at Cuba or Venezuela and see our future if we forget what made America great! Imagine Communism (John Lennon Parody) https://t.co/oedGfFNvOH
3520,"Happy Birthday to my favorite president, Ronald Reagan. President Reagan brought a wave of conservative leadership that paved the pathway for a better America. He is pictured here with former SD Congressman Clint Roberts. https://t.co/OUZcbsYhum"
3557,"The @Democrats Green New Deal is as unserious and useless as the rest of their radical agenda. While they remain detached from reality and insistent on killing jobs to appease their woke base, Im focused on serving Floridas families. https://t.co/kPiRpvIHGT"
3723,"Biden Admin overturns America First and wastes Trumps victories to rejoin the club in Europe while selling out U.S. competitiveness, national security, and taxpayers to seem hip in Europe: https://t.co/mD68C6tv54"
3738,"The ability to own a gun responsibly is a constitutional right in America, and here's what I would say: We need that right today, as much as any other time in American history!"
3898,RELEASE: Sen. Cruz Slams Biden Administrations Return to Catch and Release
4033,RIP to an American legend. Rush Limbaugh was a radio talk show pioneer and an icon in the conservative movement for decades. He will be missed dearly. Here he is receiving the Presidential Medal of Freedom at last years State of the Union. https://t.co/sJigIOCNwS
4046,"Alejandro Mayorkas is in favor of open borders, unlimited amnesty for illegal immigrants, is a China appeaser, and on top of all that his previous time in government is riddled with a number of ethically questionable moments. My statement HERE: https://t.co/i1bdnhpR6u"
4061,"Born enslaved in Maryland, Harriet Tubman escaped to freedom in the North and  became the most famous ""conductor"" on the Underground Railroad. She risked her life to lead hundreds of slaves from the plantation system to freedom using this elaborate secret network of safe houses. https://t.co/LpUjplDblO"
4105,Saule Omarova is as far-left as they come. She wants to radically transform the U.S. banking system into a Soviet-style state-run enterprise. https://t.co/afet0GFEMR
4161,Nothing for defense. https://t.co/1dKqUO3isd
4395,Joe Biden has left our southern border WIDE OPEN. Illegal immigrants come right in. Americans should be furious about Bidens massive border crisis thats allowing drugs to pour into our country. https://t.co/8GwTVzj0Wk
4413,"While our poorest families pinch pennies thanks to #Bidenflation, Democrats want to add fuel to Bidens inflation fire and  give BILLIONS to the IRS so it can spy on Americans' bank accounts. We cant allow this Communist Chinese-style totalitarian surveillance. https://t.co/fc5zPHvRae"
4618,"Everything Joe Biden has done has led to more fear, less growth and fewer jobs. Joe Bidens socialist agenda is killing the American Dream. (4/4)"
4735,"With our border wide-open, Biden plans to provide s of illegal immigrants $450k each as a reward for breaking the law. Incentivizing this type of crime will only worsen the crisis at our border. Our tax dollars should not fund this ridiculous stunt. https://t.co/jLNtLljWXx"
4837,"Marxism divides people into either oppressors or victims, calls for the overthrow an evil system and  then seizes complete power in the name of fairness The old Marxism used class warfare to divide people The new Marxism uses identity politics But the goal is the same"
5060,I've said it before and I'll say it again: John Kerryappeaser of the terrorist leadership in Iran and collaborator with the Communist Party leadership in Chinashould be fired or resign. Rarely has an American official so blatantly sold out American interests. #KerrysGottaGo https://t.co/5zdJwgiGBB
5062,The regime in #Cuba force people to attend rallys by threatening to take away their job or university education. Then they bus them while its still dark. Sadly some in the media fall for it. #CubaNoEstaSola #CubaLibre https://t.co/sKOkTHKtXE
5144,The @federalreserve just admitted it: Bidens unconstitutional vaccine mandates are driving Americans out of their jobs and  fueling his devastating supply chain and  inflation crises. Biden must rescind his proposed mandates and  stop the socialist madness. https://t.co/cLnUhZpCLQ
5213,"Dec. : The bill is not paid for by any stretch of dynamic scoring or budget gimmicks. Our children and grandchildren will be forced to pay for Democrats big government socialist agenda, which is anywhere from double to quadruple the so-called cost. https://t.co/nPbBfLoIVw"
5328,"The BLM Effect has fueled the worst increase in murder in American history. If the anti-police lies that undergird the movement remain unchallenged, the BLM Effect will continue. https://t.co/7bYOu5nAt6"
5394,"Rush Limbaugh was an American icon and  patriot. His radio program had a loyal, dedicated following, and  his time behind a microphone no doubt helped shape the Republican Party for years to come. My prayers are with Rushs family and the many listeners who will miss his wisdom and  wit."
5397,Look whats happening in our economy. Inflation is runaway. The last thing we need is more spending. Yet theyre trying to implement this massive big-gov socialist program with a hidden radical anti-worker proposal that I wrote @SenSanders about and  have yet to get a response. https://t.co/5oa86WEiIV
5465,The crisis at the border is out of control. All the material to complete the wall has been paid for. We have it and  its just sitting there. Its time for Biden to close our border and finish the wall. #bidenbordercrisis
5563,Biden's COVID vaccine mandate treats our heroes like felons. I'm fighting to stop it. More from my @FOXNews op-ed here: https://t.co/A2hEnlJzrE
5685,Kristen Clarke has spent her career as a partisan advocate. Her history of celebrating cop killers and her support of defunding the police are just a few of the reasons why she should not be leading the DOJs Civil Rights Division. https://t.co/iEa05Xi2UA
5702,Democrats #CorruptPoliticiansAct was designed to register millions of illegal aliens and convicted felons to vote which would have diluted and stolen votes from legal American citizens. https://t.co/QQs0EkmXco
5738,"Requiring financial institutions to report any transaction over $600 to the IRS is incredibly intrusive, and violates the rights and privacy of the American taxpayer. The IRS needs to be held accountable and halted from harassing American taxpayers. https://t.co/dJnKe1SzCK"
5739,"Today I voted to oppose the nomination of Xavier Becerra to lead @HHSgov. His record has proven he would seek to replace private health insurance, embrace radical policies on immigration, undermine pro-life protections, and damage religious liberty."
5745,"This spree would raise taxes on percent of middle class families while providing benefits and legal status for illegal immigrants and cutting taxes for liberal elites, without care for the hardworking Oklahomans who will be stuck with the check."
5759,My full remarks on the Lefts attack on America - and American men https://t.co/ykOgEnLnA0
5933,"In their memoryand that of so many otherswe march onward in the fight to protect Black, Brown, and LGBTQ lives. As Marsha P. Johnson said: Dont let anybody tell you what to do. Be what you want to be. I cant think of anything more fundamentally American."
5959,Wyoming bank customers are NOT subjects of the federal government. Wyoming Banks do NOT work for the IRS. https://t.co/648Zit7cXL
5996,"On Transgender Day of Remembrance, we honor lives lost to anti-trans violence over the past year. We must act in solidarity with the transgender and non-binary community as co-conspirators in their pursuit of joyous lives, free from transphobia and hate. #TDOR https://t.co/eyyPOnbeSh"
6207,"I agree with President Trump that its imperative that Senate Republicans do not aid and abet the raising of the debt ceiling, which would be required to accommodate the Democrats socialist agenda."
6272,"Democrats reckless taxing and spending spree includes massive, historic tax hikes on Americans that would leave us one of the least competitive tax structures in the developed world. Democrats plan would tax American businesses more heavily than communist China taxes theirs."
6334,"Men and  women have fought and  died for the personal freedoms of lawful Americans, and  no President can take those liberties away. My full statement on Bidens unlawful, counterproductive federal vaccine mandate: https://t.co/yeup6bm2My"
6402,"Not only would S.1 give unelected, ultraliberal Washington bureaucrats the ability to control how Alabama conducts its elections, but it would open doors to fraud and have a devastating impact on our freedom of speech. /3"
