quadrant,intensity,domain,text
auth_left,mild,economic,"The government should play a larger role in ensuring economic equality for all citizens."
auth_left,moderate,economic,"Private corporations have proven they cannot be trusted to serve the public interest without strict oversight."
auth_left,strong,economic,"Wealth inequality is a form of systemic violence that requires immediate government intervention."
auth_left,mild,economic,"Essential services like healthcare should be publicly funded rather than profit-driven."
auth_left,moderate,economic,"The free market has failed to provide basic necessities for working families."
auth_left,strong,economic,"Billionaires are a policy failure that undermines democracy and should not exist."
auth_left,mild,social,"Society has a responsibility to ensure everyone has equal opportunities regardless of background."
auth_left,moderate,social,"Systemic discrimination requires coordinated government action to dismantle."
auth_left,strong,social,"Those who deny institutional racism are complicit in perpetuating oppression."
auth_left,mild,social,"Public education should emphasize collective responsibility over individual achievement."
auth_left,moderate,social,"Traditional family structures often reinforce patriarchal power imbalances."
auth_left,strong,social,"Conservative social values are fundamentally incompatible with human equality."
auth_left,mild,government,"Central planning can be more efficient than market-based solutions for essential services."
auth_left,moderate,government,"Democratic socialism represents the best path forward for addressing inequality."
auth_left,strong,government,"Capitalism is inherently exploitative and must be replaced with collective ownership."
auth_left,mild,government,"Strong government institutions are necessary to protect vulnerable populations."
auth_left,moderate,government,"The state has a moral obligation to redistribute wealth from rich to poor."
auth_left,strong,government,"Revolution may be necessary if peaceful reform fails to address systemic injustice."
auth_left,mild,rights,"Individual rights must be balanced against community needs and social harmony."
auth_left,moderate,rights,"Personal freedom without social responsibility leads to exploitation of others."
auth_left,strong,rights,"Absolute individual liberty is a myth that serves to justify inequality."
auth_left,mild,rights,"Hate speech should be regulated to protect marginalized communities."
auth_left,moderate,rights,"The paradox of tolerance means we cannot tolerate intolerant viewpoints."
auth_left,strong,rights,"Free speech absolutism provides cover for fascist organizing."
auth_left,mild,rights,"Collective action is more effective than individual effort for social change."
auth_right,mild,economic,"Free market capitalism has lifted more people out of poverty than any other system."
auth_right,moderate,economic,"High taxes and excessive regulation stifle innovation and economic growth."
auth_right,strong,economic,"Socialism inevitably leads to economic collapse and authoritarian control."
auth_right,mild,economic,"Competition drives excellence and efficiency better than government mandates."
auth_right,moderate,economic,"Government welfare programs create dependency rather than self-reliance."
auth_right,strong,economic,"The progressive tax system punishes success and rewards mediocrity."
auth_right,mild,social,"Traditional values provide important stability and guidance for society."
auth_right,moderate,social,"The breakdown of traditional family structures has contributed to social problems."
auth_right,strong,social,"Cultural relativism undermines the moral foundations that built Western civilization."
auth_right,mild,social,"Schools should focus on academic excellence rather than social engineering."
auth_right,moderate,social,"Identity politics divides rather than unites our communities."
auth_right,strong,social,"Woke ideology represents a dangerous threat to American values and freedoms."
auth_right,mild,government,"Strong national defense is essential for protecting our way of life."
auth_right,moderate,government,"Law and order must be maintained even if it requires tough enforcement measures."
auth_right,strong,government,"Weak leadership and permissive policies have emboldened criminals and enemies."
auth_right,mild,government,"National sovereignty should take priority over international agreements."
auth_right,moderate,government,"Immigration must be carefully controlled to preserve national identity."
auth_right,strong,government,"Open borders represent an existential threat to national security and culture."
auth_right,mild,rights,"Respect for authority and hierarchy is necessary for social order."
auth_right,moderate,rights,"Individual rights come with corresponding responsibilities to society."
auth_right,strong,rights,"Radical individualism has weakened the social bonds that hold communities together."
auth_right,mild,rights,"Religious freedom includes the right to live according to one's moral convictions."
auth_right,moderate,rights,"Secular humanism cannot provide the moral foundation that religion offers."
auth_right,strong,rights,"The decline of religious values has led to moral decay and social breakdown."
auth_right,mild,rights,"Patriotism and national pride are essential civic virtues."
lib_left,mild,economic,"Worker cooperatives often provide better outcomes than traditional corporate structures."
lib_left,moderate,economic,"Corporate capitalism exploits workers while enriching shareholders and executives."
lib_left,strong,economic,"The current economic system is fundamentally rigged against ordinary people."
lib_left,mild,economic,"Local communities should have more control over their economic development."
lib_left,moderate,economic,"Multinational corporations wield dangerous influence over democratic governments."
lib_left,strong,economic,"Neoliberalism has been a disaster for working families worldwide."
lib_left,mild,social,"People should be free to live according to their own values without discrimination."
lib_left,moderate,social,"Systemic oppression requires grassroots organizing to challenge power structures."
lib_left,strong,social,"The police state disproportionately targets communities of color and dissidents."
lib_left,mild,social,"Education should encourage critical thinking rather than conformity."
lib_left,moderate,social,"Mainstream media serves corporate interests rather than informing the public."
lib_left,strong,social,"The military-industrial complex profits from perpetual warfare and human suffering."
lib_left,mild,government,"Government should focus on protecting rights rather than imposing moral standards."
lib_left,moderate,government,"The surveillance state threatens civil liberties in the name of security."
lib_left,strong,government,"Both major political parties serve corporate interests over public welfare."
lib_left,mild,government,"Decentralized decision-making is more democratic than top-down bureaucracy."
lib_left,moderate,government,"Electoral politics alone cannot address the root causes of social problems."
lib_left,strong,government,"The current political system is incapable of meaningful reform."
lib_left,mild,rights,"Individual freedom and social justice are complementary rather than competing values."
lib_left,moderate,rights,"True liberty requires dismantling systems of oppression and privilege."
lib_left,strong,rights,"You cannot be truly free while others remain oppressed."
lib_left,mild,rights,"Voluntary cooperation is preferable to government coercion."
lib_left,moderate,rights,"Mutual aid networks provide better support than bureaucratic welfare systems."
lib_left,strong,rights,"Hierarchical institutions are inherently oppressive regardless of their stated goals."
lib_left,mild,rights,"Grassroots movements create more lasting change than electoral politics."
lib_right,mild,economic,"Free markets generally allocate resources more efficiently than government planning."
lib_right,moderate,economic,"Excessive government regulation stifles entrepreneurship and innovation."
lib_right,strong,economic,"Taxation is theft that violates individual property rights."
lib_right,mild,economic,"Competition benefits consumers through lower prices and better products."
lib_right,moderate,economic,"Government intervention in markets typically creates more problems than it solves."
lib_right,strong,economic,"The Federal Reserve manipulates currency to benefit banks at everyone else's expense."
lib_right,mild,social,"People should be free to make their own choices about their personal lives."
lib_right,moderate,social,"Government has no business regulating consensual adult behavior."
lib_right,strong,social,"The war on drugs has been a catastrophic failure that violates human rights."
lib_right,mild,social,"Private charity is more effective and ethical than government welfare."
lib_right,moderate,social,"Public schools operate as government indoctrination centers."
lib_right,strong,social,"Child protective services destroys families through bureaucratic overreach."
lib_right,mild,government,"Government should be limited to protecting individual rights and property."
lib_right,moderate,government,"The growth of government power threatens individual liberty and prosperity."
lib_right,strong,government,"The state is the greatest threat to human freedom and flourishing."
lib_right,mild,government,"Private solutions are typically more innovative than government programs."
lib_right,moderate,government,"Bureaucrats lack both the knowledge and incentives to manage complex systems."
lib_right,strong,government,"Government failure is inevitable due to political incentives and economic calculation problems."
lib_right,mild,rights,"Individual responsibility should be emphasized over collective solutions."
lib_right,moderate,rights,"Voluntary association is morally superior to government coercion."
lib_right,strong,rights,"Collectivism inevitably leads to the violation of individual rights."
lib_right,mild,rights,"Property rights form the foundation of all other human rights."
lib_right,moderate,rights,"Self-ownership means you should be free to do whatever you want with your own body."
lib_right,strong,rights,"Any form of involuntary governance is fundamentally illegitimate."
lib_right,mild,rights,"Markets coordinate human behavior more effectively than political processes."